PartNo,PathLabel
502,Shortcut
503,rev learned liberal
504,shortcut liberal
505,Failure
506,shortcut liberal
508,Failure
509,Shortcut
510,Rev Learned
511,Shortcut
512,Learned
513,Shortcut
514,shortcut liberal
515,shortcut liberal
516,Rev Learned
518,learned liberal
519,shortcut liberal
520,Failure
521,Failure
522,uncodable
523,Rev Learned
524,shortcut liberal
525,shortcut liberal
526,Shortcut
527,shortcut liberal
528,shortcut liberal
529,Failure
530,shortcut liberal
531,learned liberal
532,shortcut liberal
533,shortcut liberal
534,shortcut liberal
541,shortcut liberal
542,shortcut liberal
543,Failure
544,shortcut liberal
545,learned liberal
547,Failure
548,learned liberal
549,rev learned liberal
550,learned liberal
552,shortcut
553,shortcut
554,shortcut liberal
555,shortcut liberal
556,rev learned
557,shortcut liberal
558,rev learned
559,learned liberal
560,shortcut liberal
561,shortcut liberal
562,shortcut liberal
563,shortcut
564,shortcut liberal
565,rev learned
566,shortcut liberal
567,shortcut
568,shortcut liberal
571,shortcut liberal
569,learned liberal
572,shortcut
570,shortcut
605,reverse learned
606,reversed learned
607,reversed learned
608,uncodable
609,shortcut liberal
610,learned liberal
611,learned liberal
612,shortcut liberal
613,Failure
614,shortcut
615,shortcut liberal
616,shortcut liberal
617,learned liberal
618,shortcut liberal
619,shortcut
620,learned liberal
621,shortcut liberal
622,shortcut
623,shortcut liberal
624,learned liberal
625,learned liberal
626,shortcut
627,reverse learned
628,learned liberal
629,shortcut
630,learned liberal
631,Failure
632,learned
633,Failure
634,learned liberal
635,rev learned
636,shortcut liberal
637,shortcut liberal
638,Failure
639,Failure
640,shortcut liberal
641,rev learned
642,shortcut liberal
643,learned liberal
645,learned liberal
646,shortcut liberal
647,shortcut liberal
648,shortcut liberal
649,shortcut
650,uncodable
651,shortcut liberal
653,learned liberal
656,shortcut liberal
657,learned liberal
658,shortcut liberal
660,shortcut
662,shortcut liberal
663,shortcut liberal
664,Failure
665,shortcut
666,shortcut
667,learned liberal
668,shortcut liberal
669,rev learned liberal
670,shortcut liberal
101BOSS,Learned
102BOSS,shortcut liberal
103BOSS,learned liberal
104BOSS,Reversed learned
105BOSS,learned liberal
108BOSS,Shortcut
109BOSS,shortcut liberal
111BOSS,Shortcut
114BOSS,Failure
115BOSS,shortcut liberal
116BOSS,shortcut liberal
117BOSS,reversed learned liberal
118BOSS,shortcut liberal
119BOSS,learned liberal
120BOSS,learned
121BOSS,Shortcut
122BOSS,shortcut liberal
123BOSS,learned liberal
124BOSS,Shortcut
125BOSS,shortcut liberal
126BOSS,uncodable
127BOSS,shortcut liberal
128BOSS,shortcut liberal
130BOSS,shortcut liberal
132BOSS,shortcut liberal
133BOSS,shortcut
134BOSS,shortcut liberal
135BOSS,learned liberal
136BOSS,learned liberal
138BOSS,shortcut liberal
139BOSS,Failure
140BOSS,shortcut liberal
143BOSS,shortcut
144BOSS,Shortcut
146BOSS,shortcut liberal
147BOSS,shortcut liberal
148BOSS,shortcut
149BOSS,shortcut liberal
150BOSS,shortcut liberal
151BOSS,SHORTCUT
154BOSS,SHORTCUT
155BOSS,learned
156BOSS,learned liberal
157BOSS,SHORTCUT
158BOSS,shortcut liberal
159BOSS,shortcut liberal
160BOSS,SHORTCUT
161BOSS,reversed learned liberal
203BOSS,shortcut liberal
203BOSS,shortcut liberal
204BOSS,Failure
206BOSS,learned liberal
207BOSS,reverse learned
208BOSS,reverse learned
210BOSS,learned
211BOSS,learned
212BOSS,learned liberal
213BOSS,Failure
214BOSS,learned
215BOSS,shortcut
216BOSS,reversed learned liberal
217BOSS,uncodable
218BOSS,shortcut liberal
219BOSS,Failure
220BOSS,learned liberal
221BOSS,shortcut
222BOSS,shortcut liberal
223BOSS,reverse learned
225BOSS,uncodable
226BOSS,shortcut liberal
227BOSS,shortcut
228BOSS,shortcut
229BOSS,shortcut
230BOSS,learned
231BOSS,learned liberal
232BOSS,shortcut liberal
233BOSS,shortcut
234BOSS,shortcut liberal
236BOSS,shortcut liberal
237BOSS,Failure
239BOSS,Failure
240BOSS,Failure
241BOSS,learned liberal
242BOSS,uncodable
243BOSS,shortcut liberal
245BOSS,learned liberal
244BOSS,learned liberal
302BOSS,shortcut liberal
303BOSS,reversed learned liberal
304BOSS,Failure
305BOSS,learned liberal
306BOSS,learned
307BOSS,learned liberal
308BOSS,learned
309BOSS,reversed learned
310BOSS,learned liberal
312BOSS,learned liberal
313BOSS,shortcut
314BOSS,Failure
315BOSS,Failure
316BOSS,shortcut liberal
317BOSS,Failure
319BOSS,reversed learned liberal
321BOSS,Failure
322BOSS,shortcut liberal
323BOSS,learned liberal
324BOSS,learned liberal
325BOSS,shortcut liberal
326BOSS,shortcut
327BOSS,shortcut
328BOSS,shortcut
329BOSS,Failure
330BOSS,shortcut
331BOSS,reversed learned
332BOSS,reversed learned liberal
333BOSS,shortcut liberal
337BOSS,reversed learned
339BOSS,shortcut liberal
340BOSS,sHORTCUT
341BOSS,shortcut liberal
342BOSS,learned liberal
343BOSS,wandering
344BOSS,shortcut liberal
345BOSS,sHORTCUT
346BOSS,learned liberal
347BOSS,learned liberal
401BOSS,shortcut liberal
402BOSS,Failure
403BOSS,learned liberal
405BOSS,shortcut liberal
406BOSS,learned liberal
407BOSS,shortcut
409BOSS,learned liberal
410BOSS,reversed learned
411BOSS,shortcut liberal
412BOSS,shortcut
413BOSS,shortcut
414BOSS,reversed learned
415BOSS,shortcut liberal
416BOSS,reversed learned
417BOSS,shortcut liberal
418BOSS,learned liberal
419BOSS,learned
420BOSS,shortcut liberal
422BOSS,learned liberal
423BOSS,shortcut
424BOSS,shortcut liberal
425BOSS,shortcut liberal
426BOSS,shortcut liberal
427BOSS,shortcut liberal
428BOSS,wandering
430BOSS,shortcut liberal
431BOSS,shortcut liberal
433BOSS,shortcut liberal
434BOSS,shortcut liberal
435BOSS,shortcut liberal
436BOSS,Failure
437BOSS,Failure
438BOSS,Failure
439BOSS,shortcut liberal
440BOSS,shortcut liberal
441BOSS,learned liberal
442BOSS,learned liberal
443BOSS,uncodable
444BOSS,learned
445BOSS,shortcut
204Boone2019,shortcut liberal
205Boone2019,learned liberal
206Boone2019,shortcut liberal
207Boone2019,reverse learned
208Boone2019,learned
209Boone2019,shortcut liberal
210Boone2019,shortcut
211Boone2019,reverse learned
212Boone2019,shortcut
214Boone2019,shortcut liberal
215Boone2019,failure
216Boone2019,wandering
217Boone2019,shortcut liberal
218Boone2019,shortcut
220Boone2019,reverse learned
221Boone2019,shortcut
222Boone2019,learned
223Boone2019,reverse learned
224Boone2019,learned liberal
225Boone2019,learned
228Boone2019,reverse learned
227Boone2019,failure
229Boone2019,wandering
230Boone2019,learned liberal
231Boone2019,shortcut liberal
232Boone2019,failure
233Boone2019,shortcut liberal
234Boone2019,shortcut liberal
236Boone2019,shortcut
237Boone2019,failure
238Boone2019,shortcut liberal
239Boone2019,shortcut
301_gtg_aBoone2019,Reverse learned
302_s_aBoone2019,shortcut liberal
303_gtg_bBoone2019,Learned
304_s_bBoone2019,shortcut liberal
305_gtg_aBoone2019,shortcut liberal
306_s_aBoone2019,Shortcut
307_gtg_bBoone2019,Reverse learned
308_s_bBoone2019,Shortcut
309_gtg_aBoone2019,Learned
311_gtg_bBoone2019,learned liberal
313_gtg_aBoone2019,uncodable
314_s_aBoone2019,Failure
315_s_bBoone2019,Failure
316_s_bBoone2019,shortcut liberal
317_gtg_aBoone2019,learned liberal
318_s_aBoone2019,rev learned liberal
319_gtg_bBoone2019,Shortcut
321_gtg_aBoone2019,Shortcut
322_s_aBoone2019,shortcut liberal
323_gtg_bBoone2019,Failure
324_s_bBoone2019,uncodable
325_gtg_aBoone2019,learned liberal
326_s_aBoone2019,learned liberal
327_gtg_bBoone2019,learned liberal
328_s_bBoone2019,Shortcut
329_gtg_aBoone2019,shortcut liberal
330_s_aBoone2019,Failure
331_gtg_bBoone2019,uncodable
332_s_bBoone2019,shortcut liberal
334_s_aBoone2019,shortcut liberal
335_gtg_bBoone2019,shortcut liberal
336_s_bBoone2019,learned liberal
337_gtg_aBoone2019,learned liberal
338_s_bBoone2019,shortcut liberal
339_s_bBoone2019,Failure
340_s_aBoone2019,learned liberal
341_s_bBoone2019,Failure
342_s_bBoone2019,wandering
343_gtg_aBoone2019,learned liberal
344_gtg_bBoone2019,Failure
345_gtg_aBoone2019,learned liberal
346_s_aBoone2019,shortcut liberal
347_gtg_bBoone2019,learned liberal
349_gtg_aBoone2019,shortcut liberal
350_s_aBoone2019,learned liberal
351_gtg_bBoone2019,Wandering
352_s_bBoone2019,learned liberal
353_gtg_aBoone2019,learned liberal
354_s_aBoone2019,learned liberal
355_gtg_bBoone2019,Learned
357_gtg_aBoone2019,shortcut liberal
358_s_aBoone2019,Shortcut
359_s_bBoone2019,learned liberal
360_s_bBoone2019,shortcut liberal
361_gtg_aBoone2019,learned liberal
362_s_aBoone2019,learned liberal
363_gtg_aBoone2019,rev learned liberal
364_gtg_bBoone2019,uncodable
365_s_aBoone2019,Shortcut
366_gtg_aBoone2019,Reverse Learned
367_gtg_bBoone2019,Learned
368_s_bBoone2019,shortcut liberal
369_gtg_bBoone2019,shortcut liberal
370_s_aBoone2019,shortcut liberal
371_gtg_bBoone2019,Reverse Learned
372_s_bBoone2019,shortcut
373_gtg_aBoone2019,Failure
374_s_aBoone2019,shortcut liberal
375_s_bBoone2019,Failure
376_gtg_bBoone2019,learned liberal
377_s_aBoone2019,Failure
378_s_bBoone2019,shortcut liberal
380_s_bBoone2019,Failure
381_gtg_aBoone2019,shortcut
382_s_aBoone2019,Failure
383_gtg_bBoone2019,shortcut liberal
384_s_aBoone2019,shortcut liberal
385_gtg_aBoone2019,shortcut liberal
386_s_bBoone2019,learned liberal
387_gtg_bBoone2019,learned liberal
